{"cameraMode":{"drawMode":0,"name":"Shaded","section":"Shading Mode"},"sceneLighting":true,"audioPlay":false,"sceneViewState":{"showFog":true,"showMaterialUpdate":false,"showSkybox":true,"showFlares":true,"showImageEffects":true,"showParticleSystems":true},"in2DMode":false,"pivot":{"x":-1.9737238883972169,"y":0.7835021018981934,"z":-1.2046055793762208},"rotation":{"x":-0.2826404273509979,"y":-0.32072320580482485,"z":0.10090469568967819,"w":-0.8983703851699829},"size":11.968753814697266,"orthographic":false}